OBJECTID_1,OBJECTID,SitRecID,Region,Country,ISO3,NatName,IntName,FinCode,SitLat,SitLong,SitArea,Protect,Num_PAs,IbaStatus,KbaStatus,AzeStatus,CREATEDBY,ADDEDBY,ADDEDDATE,CHANGEBY,CHANGEDATE,Query,SOURCE,DELTXT,DELGEOM,MarineIBA,Shape_Leng,Shape_Area,Lat_DD,Lon_DD,area,perimeter
5122,6296,14517,South America,Ecuador,ECU,Reserva Ecolgica Cofn-Bermejo,Reserva Ecolgica Cofn-Bermejo,EC048,0.30000000000,-77.40000000000,55451,Whole,1,confirmed,,,,"Gill Bunting, BirdLife International",2009/10/09,,,-1,IBA Directory Process,Recieved from Partner via Regional Office,Refined polygon,,1.03229367833,0.04261353130,0.29232942745,-77.36678188870,526234584.057617,114734.068344951
5123,6297,14518,South America,Ecuador,ECU,Isla de la Plata,Isla de la Plata,EC016,-1.26666666667,-81.06666666670,1420,Whole,1,confirmed,,,,"Gill Bunting, BirdLife International",2009/10/09,,,0,IBA Directory Process,Recieved from Partner via Regional Office,Refined polygon,Y,0.09819273606,0.00052226724,-1.27073268149,-81.06102531440,6421953.17529297,10896.9200233531
5124,6298,14519,South America,Ecuador,ECU,Estacin Cientfica Pedro Franco Dvila,Estacin Cientfica Pedro Franco Dvila,EC023,-1.33333333333,-79.58333333330,138,Whole,1,confirmed,,,,"Gill Bunting, BirdLife International",2009/10/09,,,-1,IBA Directory Process,Recieved from Partner via Regional Office,Refined polygon,,0.06012558647,0.00016787159,-1.33208065916,-79.58651807990,2065407.46289062,6671.00969548487
5125,6299,14520,South America,Ecuador,ECU,Estacin Biolgica Guandera-Cerro Mongus,Estacin Biolgica Guandera-Cerro Mongus,EC046,0.60000000000,-77.70000000000,12000,Unknown,1,confirmed,,,,"Gill Bunting, BirdLife International",2009/10/09,,,-1,IBA Directory Process,Recieved from Partner via Regional Office,Refined polygon,,0.77266856134,0.00991006807,0.55910035127,-77.68661259920,122291817.86377,85842.2877362411
5126,6300,14521,South America,Ecuador,ECU,Reserva Biolgica Tito Santos,Reserva Biolgica Tito Santos,EC011,-0.15000000000,-80.20000000000,2000,Whole,1,confirmed,,,,"Gill Bunting, BirdLife International",2009/10/09,,,-1,IBA Directory Process,Recieved from Partner via Regional Office,Refined polygon,,0.15051765007,0.00114762854,-0.15323587560,-80.19698301130,14117688.2792969,16710.0135598812
5127,6301,14524,South America,Ecuador,ECU,El ngel-Cerro Golondrinas,El ngel-Cerro Golondrinas,EC036,0.80000000000,-78.01666666670,17120,Unknown,2,confirmed,,,,"Gill Bunting, BirdLife International",2009/10/09,,,-1,IBA Directory Process,Recieved from Partner via Regional Office,Refined polygon,,1.21090423072,0.03605274967,0.78197844099,-78.01005470970,444598731.491211,134466.280867777
5128,6302,14525,South America,Ecuador,ECU,Reserva Ecolgica Arenillas,Reserva Ecolgica Arenillas,EC035,-3.51000000000,-80.14000000000,17082,Whole,1,confirmed,,,,"Gill Bunting, BirdLife International",2009/10/09,,,-1,IBA Directory Process,Recieved from Partner via Regional Office,Refined polygon,,0.69606877133,0.01408216158,-3.52270101876,-80.13467716670,172920662.256836,77075.6432842055
5129,6303,14526,South America,Ecuador,ECU,Reserva Buenaventura,Reserva Buenaventura,EC071,-3.66000000000,-79.77000000000,300,Unknown,1,confirmed,,,,"Gill Bunting, BirdLife International",2009/10/09,,,-1,IBA Directory Process,Recieved from Partner via Regional Office,Refined polygon,,0.09330445532,0.00028112049,-3.65775246251,-79.76744875940,3452310.95947266,10338.7340290943
5130,6304,14528,South America,Ecuador,ECU,Centro Cientfico Ro Palenque,Centro Cientfico Ro Palenque,EC012,-0.58333333333,-79.36666666670,167,Whole,1,confirmed,,,,"Gill Bunting, BirdLife International",2009/10/09,,,-1,IBA Directory Process,Recieved from Partner via Regional Office,Refined polygon,,0.03883432847,0.00007341065,-0.58346797811,-79.36821276370,903586.205078125,4305.32677229087
5131,6305,14530,South America,Ecuador,ECU,Reserva Ecolgica Comunal Loma Alta,Reserva Ecolgica Comunal Loma Alta,EC018,-1.86666666667,-80.63333333330,6000,Whole,2,confirmed,,,,"Gill Bunting, BirdLife International",2009/10/09,,,-1,IBA Directory Process,Recieved from Partner via Regional Office,Refined polygon,,0.41710726151,0.00557431575,-1.86613697819,-80.62513290670,68527340.0200195,46226.2661755263
5132,6306,14531,South America,Ecuador,ECU,Bosque Protector Los Cedros,Bosque Protector Los Cedros,EC039,0.30000000000,-78.76666666670,6400,Whole,1,confirmed,,,,"Gill Bunting, BirdLife International",2009/10/09,,,-1,IBA Directory Process,Recieved from Partner via Regional Office,Refined polygon,,1.03616519130,0.00971293220,0.30827916964,-78.78469677310,119639861.999512,115005.982007473
5133,6307,14532,South America,Ecuador,ECU,Reserva Ecolgica Mache-Chindul,Mache Chindul Ecological Reserve and surrouding areas (Reserva Ecolgica Mache-Chindul IBA),EC008,0.41000000000,-79.80000000000,119172,Whole,2,confirmed,confirmed,confirmed,,"Gill Bunting, BirdLife International",2009/10/09,,,-1,IBA Directory Process,Recieved from Partner via Regional Office,Refined polygon,,2.76585120031,0.09864520835,0.41838540537,-79.80233925260,1213759857.14355,306854.806458338
5134,6308,14533,South America,Ecuador,ECU,Bosque Protector Dudas-Mazar,Bosque Protector Dudas-Mazar,EC062,-2.60000000000,-78.70000000000,75000,Unknown,2,confirmed,,,,"Gill Bunting, BirdLife International",2009/10/09,,,-1,IBA Directory Process,Recieved from Partner via Regional Office,Refined polygon,,1.20489337123,0.05711743653,-2.59785743596,-78.75258641420,702885347.829102,133740.708421274
5135,6309,14534,South America,Ecuador,ECU,Maquipucuna-Ro Guayllabamba,Maquipucuna-Ro Guayllabamba,EC042,0.06666666667,-78.61666666670,19728,Most,2,confirmed,,,,"Gill Bunting, BirdLife International",2009/10/09,,,-1,IBA Directory Process,Recieved from Partner via Regional Office,Refined polygon,,0.80873030130,0.01604821849,0.10948853847,-78.62196710720,197723034.835938,89746.858722696
5136,6310,14536,South America,Ecuador,ECU,Bosque Protector Puyango,Bosque Protector Puyango,EC073,-3.88333333333,-80.08333333330,2659,Whole,1,confirmed,,,,"Gill Bunting, BirdLife International",2009/10/09,,,-1,IBA Directory Process,Recieved from Partner via Regional Office,Refined polygon,,0.24029670569,0.00218112180,-3.87726904858,-80.06118679110,26773556.5600586,26649.8110977762
5137,6311,14537,South America,Ecuador,ECU,Cajas-Mazn,Cajas-Mazn,EC063,-2.84000000000,-79.23000000000,31844,Whole,3,confirmed,,,,"Gill Bunting, BirdLife International",2009/10/09,,,-1,IBA Directory Process,Recieved from Partner via Regional Office,Refined polygon,,1.10933596581,0.02512599698,-2.84655505498,-79.23248340410,308954654.97168,123042.126618994
5138,6312,14538,South America,Ecuador,ECU,Reserva Ecolgica Manglares-Churute,Reserva Ecolgica Manglares-Churute,EC029,-2.48000000000,-79.72000000000,49984,Whole,1,confirmed,,,,"Gill Bunting, BirdLife International",2009/10/09,,,-1,IBA Directory Process,Recieved from Partner via Regional Office,Refined polygon,,1.33646677548,0.04052117238,-2.48694205951,-79.72810884900,498169165.620605,148100.12875041
5139,6313,14539,South America,Ecuador,ECU,Parque Nacional Machalilla y alrededores,Parque Nacional Machalilla y alrededores,EC017,-1.52000000000,-80.70000000000,60000,Unknown,2,confirmed,confirmed,,,"Gill Bunting, BirdLife International",2009/10/09,,,-1,IBA Directory Process,Recieved from Partner via Regional Office,Refined polygon,,1.24660905164,0.04852585020,-1.50677735485,-80.71172777790,596644326.335449,138211.852158365
5140,6314,14540,South America,Ecuador,ECU,Arajuno-Alto Napo,Arajuno-Alto Napo,EC094,-1.06666666667,-77.60000000000,3115,Unknown,2,confirmed,,,,"Gill Bunting, BirdLife International",2009/10/09,,,-1,IBA Directory Process,Recieved from Partner via Regional Office,Refined polygon,,0.38064713897,0.00442668068,-1.07967823797,-77.60688333550,54627943.5751953,42321.9907173404
5141,6315,14541,South America,Ecuador,ECU,Reserva Tapichalaca,Tapichalaca Reserve (Reserva Tapichalaca IBA),EC088,-4.48333333333,-79.13333333330,2000,Whole,1,confirmed,confirmed,confirmed,,"Gill Bunting, BirdLife International",2009/10/09,,,-1,IBA Directory Process,Recieved from Partner via Regional Office,Refined polygon,,0.21812935541,0.00159196322,-4.48502442106,-79.12845407470,19542413.831543,24172.6641336125
5142,6316,14542,South America,Ecuador,ECU,Parque Nacional Llanganates,Parque Nacional Llanganates,EC056,-1.13000000000,-78.24000000000,219707,Whole,1,confirmed,,,,"Gill Bunting, BirdLife International",2009/10/09,,,-1,IBA Directory Process,Recieved from Partner via Regional Office,Refined polygon,,2.78408926085,0.17849377150,-1.13038713229,-78.24211757150,2200049454.63232,309179.59513634
5143,6317,14543,South America,Ecuador,ECU,Parque Nacional Podocarpus,Parque Nacional Podocarpus,EC085,-4.27000000000,-79.00000000000,147400,Unknown,2,confirmed,,,,"Gill Bunting, BirdLife International",2009/10/09,,,-1,IBA Directory Process,Recieved from Partner via Regional Office,Refined polygon,,2.62427693057,0.11923563149,-4.27829521600,-79.00921525570,1464298442.73779,290719.640440619
5144,6318,14544,South America,Ecuador,ECU,Bosque Protector Molleturo Mullopungo,Bosque Protector Molleturo Mullopungo,EC032,-2.66666666667,-79.30000000000,97500,Whole,2,confirmed,,,,"Gill Bunting, BirdLife International",2009/10/09,,,-1,IBA Directory Process,Recieved from Partner via Regional Office,Refined polygon,,3.23738698161,0.07908879087,-2.66536905769,-79.30130875230,972568052.305176,358998.637459148
5145,6319,14545,South America,Ecuador,ECU,Reserva Comunal Bosque de Angashcola,Reserva Comunal Bosque de Angashcola,EC087,-4.56000000000,-79.36000000000,2000,Whole,2,confirmed,,,,"Gill Bunting, BirdLife International",2009/10/09,,,-1,IBA Directory Process,Recieved from Partner via Regional Office,Refined polygon,,0.20180671603,0.00157653799,-4.56117643626,-79.36068422770,19346265.9736328,22364.4086481893
5146,6320,14546,South America,Ecuador,ECU,Bosque Protector Moya-Moln,Bosque Protector Moya-Moln,EC066,-3.08333333333,-78.71666666670,26270,Unknown,2,confirmed,,,,"Gill Bunting, BirdLife International",2009/10/09,,,-1,IBA Directory Process,Recieved from Partner via Regional Office,Refined polygon,,0.64400693566,0.00984693656,-3.08907026283,-78.72591104670,121129929.135742,71402.3087980898
5147,6321,14547,South America,Ecuador,ECU,Bajo Napo,Bajo Napo,EC092,-0.63000000000,-75.77000000000,77700,Unknown,2,confirmed,,,,"Gill Bunting, BirdLife International",2009/10/09,,,-1,IBA Directory Process,Recieved from Partner via Regional Office,Refined polygon,,2.73932301188,0.17149969256,-0.62826433851,-75.83580901440,2126566876.17188,305179.808936397
5148,6322,14548,South America,Ecuador,ECU,Ro Toachi-Chiriboga,Ro Toachi-Chiriboga,EC044,-0.21666666667,-78.80000000000,68000,Unknown,5,confirmed,,,,"Gill Bunting, BirdLife International",2009/10/09,,,-1,IBA Directory Process,Recieved from Partner via Regional Office,Refined polygon,,1.30320182869,0.05527997858,-0.37563426545,-78.77590341640,680919837.683105,144626.780530531
5149,6323,14550,South America,Ecuador,ECU,Territorio tnico Aw y alrededores,Territorio tnico Aw y alrededores,EC002,1.07116666667,-78.51200000000,190000,Unknown,2,confirmed,,,,"Gill Bunting, BirdLife International",2009/10/09,,,-1,IBA Directory Process,Recieved from Partner via Regional Office,Refined polygon,,2.72329740596,0.15403497347,1.03891133452,-78.47020926930,1897940259.1875,302427.481486126
5150,6324,14551,South America,Ecuador,ECU,Bosque Protector Cerro Blanco,Bosque Protector Cerro Blanco,EC026,-2.11666666667,-80.08333333330,15700,Unknown,1,confirmed,,,,"Gill Bunting, BirdLife International",2009/10/09,,,-1,IBA Directory Process,Recieved from Partner via Regional Office,Refined polygon,,0.58011612974,0.01273177131,-2.09916999255,-80.08011831760,156529431.845703,64358.2442200718
5151,6325,14553,South America,Ecuador,ECU,Tiquibuzo,Tiquibuzo,EC060,-2.01666666667,-79.08333333330,5000,Little/none,0,confirmed,,,,"Gill Bunting, BirdLife International",2009/10/09,,,-1,IBA Directory Process,Recieved from Partner via Regional Office,Refined polygon,,0.48780016039,0.00389578852,-2.03958618795,-79.09548853290,47938842.5732422,54089.8803867889
5152,6326,14554,South America,Ecuador,ECU,Cordillera de Kutuk,Cordillera de Kutuk,EC082,-2.72000000000,-78.01000000000,311500,Whole,1,confirmed,confirmed,confirmed,,"Gill Bunting, BirdLife International",2009/10/09,,,-1,IBA Directory Process,Recieved from Partner via Regional Office,Refined polygon,,5.91135943895,0.15098459496,-2.58741900926,-78.02361453780,1860181082.65137,655756.907401068
5153,6327,14555,South America,Ecuador,ECU,Parque Nacional Cotopaxi,Parque Nacional Cotopaxi,EC055,-0.64000000000,-78.45000000000,33393,Whole,1,confirmed,,,,"Gill Bunting, BirdLife International",2009/10/09,,,-1,IBA Directory Process,Recieved from Partner via Regional Office,Refined polygon,,0.81677716840,0.02912984314,-0.64845753005,-78.45958723290,358963717.149414,90666.0103100363
5154,6328,14557,South America,Ecuador,ECU,Corredor Ecolgico Llanganates-Sangay,Corredor Ecolgico Llanganates-Sangay,EC057,-1.43333333333,-78.16666666670,42052,Whole,1,confirmed,,,,"Gill Bunting, BirdLife International",2009/10/09,,,-1,IBA Directory Process,Recieved from Partner via Regional Office,Refined polygon,,1.16280711793,0.03845605166,-1.43582118949,-78.17666728260,473992552.787109,129085.611696718
5155,6329,14559,South America,Ecuador,ECU,Reserva de Produccin Faunstica Cuyabeno,Reserva de Produccin Faunstica Cuyabeno,EC091,-0.31000000000,-75.78000000000,603380,Whole,1,confirmed,,,,"Gill Bunting, BirdLife International",2009/10/09,,,-1,IBA Directory Process,Recieved from Partner via Regional Office,Refined polygon,,5.70743197663,0.47058258753,-0.31588456071,-75.78838275630,5836387582.40625,635797.379060184
5156,6330,14562,South America,Ecuador,ECU,Cerro Mutiles,Cerro Mutiles,EC006,0.90000000000,-79.61666666670,30,Whole,1,confirmed,,,,"Gill Bunting, BirdLife International",2009/10/09,,,-1,IBA Directory Process,Recieved from Partner via Regional Office,Refined polygon,,0.02604138126,0.00004542620,0.90184354254,-79.61633165220,558967.75,2890.4306892898
5157,6331,14563,South America,Ecuador,ECU,Engunga,Engunga,EC022,-2.33333333333,-80.55000000000,2000,Little/none,0,confirmed,,,,"Gill Bunting, BirdLife International",2009/10/09,,,-1,IBA Directory Process,Recieved from Partner via Regional Office,Refined polygon,,0.19025274646,0.00157927506,-2.36636331231,-80.54180670620,19408987.9672852,21064.0121090819
5158,6332,14565,South America,Ecuador,ECU,Ro Conambo-Bobonaza,Ro Conambo-Bobonaza,EC095,-1.58333333333,-77.75000000000,870000,Little/none,0,confirmed,,,,"Gill Bunting, BirdLife International",2009/10/09,,,-1,IBA Directory Process,Recieved from Partner via Regional Office,Refined polygon,,4.83428947290,0.70843965581,-1.84911392811,-76.95823256540,8753051194.76514,537820.485560378
5159,6333,14566,South America,Ecuador,ECU,Intag-Toisn,Intag-Toisn,EC038,0.34000000000,-78.62000000000,34000,Unknown,4,confirmed,,,,"Gill Bunting, BirdLife International",2009/10/09,,,-1,IBA Directory Process,Recieved from Partner via Regional Office,Refined polygon,,1.26357950862,0.04931936968,0.38621460383,-78.51224742720,607729680.100098,140283.930184765
5160,6334,14567,South America,Ecuador,ECU,Parque Nacional Sangay,Parque Nacional Sangay,EC061,-2.11000000000,-78.39000000000,517725,Whole,2,confirmed,,,,"Gill Bunting, BirdLife International",2009/10/09,,,-1,IBA Directory Process,Recieved from Partner via Regional Office,Refined polygon,,4.72575594620,0.42085980320,-2.11360050677,-78.39068572480,5183592619.06836,524351.815738481
5161,6335,14569,South America,Ecuador,ECU,Selva Alegre,Selva Alegre,EC069,-3.63333333333,-79.36666666670,10000,Little/none,0,confirmed,,,,"Gill Bunting, BirdLife International",2009/10/09,,,-1,IBA Directory Process,Recieved from Partner via Regional Office,Refined polygon,,0.83070141461,0.00919492264,-3.64054529700,-79.35973751620,112961103.015137,92044.7430890379
5162,6336,14571,South America,Ecuador,ECU,Territorio Achuar,Territorio Achuar,EC096,-2.33000000000,-77.11000000000,700000,Little/none,0,confirmed,,,,"Gill Bunting, BirdLife International",2009/10/09,,,-1,IBA Directory Process,Recieved from Partner via Regional Office,Refined polygon,,5.84385257620,0.62638465469,-2.35361032337,-77.02107468810,7735344853.11475,649707.84243217
5163,6337,14574,South America,Ecuador,ECU,La Bonita-Santa Brbara,La Bonita-Santa Brbara,EC047,0.58000000000,-77.53000000000,12000,Little/none,0,confirmed,,,,"Gill Bunting, BirdLife International",2009/10/09,,,-1,IBA Directory Process,Recieved from Partner via Regional Office,Refined polygon,,0.61181421308,0.00988777424,0.55411678328,-77.52787453560,122057106.46582,67908.116288555
5164,6338,14577,South America,Ecuador,ECU,Bosque Protector Cashca Totoras,Cashca Totoras Protected Forest (Bosque Protector Cashca Totoras IBA),EC058,-1.75000000000,-78.93333333330,6940,Whole,1,confirmed,confirmed,confirmed,,"Gill Bunting, BirdLife International",2009/10/09,,,-1,IBA Directory Process,Recieved from Partner via Regional Office,Refined polygon,,0.38077926377,0.00532389458,-1.74398333791,-78.92560496270,65536649.2304688,42257.1070387984
5165,6339,14578,South America,Ecuador,ECU,Corredor Awacachi,Corredor Awacachi,EC003,0.88333333333,-78.58333333330,25000,Unknown,1,confirmed,,,,"Gill Bunting, BirdLife International",2009/10/09,,,-1,IBA Directory Process,Recieved from Partner via Regional Office,Refined polygon,,0.91005487822,0.02142484883,0.87381937127,-78.59317143300,263947889.887207,101068.462874375
5166,6340,14579,South America,Ecuador,ECU,Volcn Atacazo,Volcn Atacazo,EC054,-0.36666666667,-78.61666666670,8500,Little/none,0,confirmed,,,,"Gill Bunting, BirdLife International",2009/10/09,,,-1,IBA Directory Process,Recieved from Partner via Regional Office,Refined polygon,,0.65639446941,0.00714181969,-0.34701729738,-78.61807929930,87990287.8452148,72844.8942978291
5167,6341,14580,South America,Ecuador,ECU,Reserva Ecolgica Los Illinizas y alrededores,Reserva Ecolgica Los Illinizas y alrededores,EC045,-0.67000000000,-78.94000000000,150900,Unknown,6,confirmed,,,,"Gill Bunting, BirdLife International",2009/10/09,,,-1,IBA Directory Process,Recieved from Partner via Regional Office,Refined polygon,,3.56774771836,0.09697061813,-0.67012130954,-78.94785613830,1194123127.8916,395638.454220588
5168,6342,14582,South America,Ecuador,ECU,Palanda,Palanda,EC089,-4.65000000000,-79.13333333330,12800,Little/none,0,confirmed,,,,"Gill Bunting, BirdLife International",2009/10/09,,,-1,IBA Directory Process,Recieved from Partner via Regional Office,Refined polygon,,0.81219699474,0.00767832412,-4.66086253468,-79.11664318480,94235221.7631836,89920.5450978165
5169,6343,14583,South America,Ecuador,ECU,Lagunas de Ecuasal-Salinas,Lagunas de Ecuasal-Salinas,EC020,-2.22000000000,-80.97000000000,500,Little/none,0,confirmed,,,,"Gill Bunting, BirdLife International",2009/10/09,,,0,IBA Directory Process,Recieved from Partner via Regional Office,Refined polygon,Y,0.09846845570,0.00040642007,-2.22938613279,-80.95830914780,4994972.99316406,10920.4225560927
5170,6344,14586,South America,Ecuador,ECU,Reserva Yunguilla,Yunguilla Reserve (Reserva Yunguilla),EC067,-3.18333333333,-79.28333333330,60,Whole,1,confirmed,confirmed,confirmed,,"Gill Bunting, BirdLife International",2009/10/09,,,-1,IBA Directory Process,Recieved from Partner via Regional Office,Refined polygon,,0.10839048254,0.00061230977,-3.18931334194,-79.27814832170,7526399.85253906,12003.3036299196
5171,6345,14588,South America,Ecuador,ECU,Cinaga de La Segua,Cinaga de La Segua,EC013,-0.70000000000,-80.18333333330,1742,Whole,1,confirmed,,,,"Gill Bunting, BirdLife International",2009/10/09,,,-1,IBA Directory Process,Recieved from Partner via Regional Office,Refined polygon,,0.19411039662,0.00144726193,-0.71061462133,-80.19399033000,17802417.2729492,21540.3383798641
5172,6346,14591,South America,Ecuador,ECU,Cazaderos-Mangaurquillo,Cazaderos-Mangaurquillo,EC080,-4.11666666667,-80.40000000000,49500,Little/none,0,confirmed,,,,"Gill Bunting, BirdLife International",2009/10/09,,,-1,IBA Directory Process,Recieved from Partner via Regional Office,Refined polygon,,1.05835863921,0.04111476679,-4.09405647082,-80.35424929090,504488556.949707,117250.282432907
5173,6347,14596,South America,Ecuador,ECU,Zumba-Chito,Zumba-Chito,EC090,-4.85000000000,-79.11666666670,14200,Little/none,0,confirmed,,,,"Gill Bunting, BirdLife International",2009/10/09,,,-1,IBA Directory Process,Recieved from Partner via Regional Office,Refined polygon,,1.02695878875,0.01137077634,-4.86839646435,-79.09336141740,139515025.411621,113745.524702384
5174,6348,14597,South America,Ecuador,ECU,Reserva Ecolgica Antisana,Reserva Ecolgica Antisana,EC052,-0.58000000000,-78.03000000000,120000,Whole,1,confirmed,,,,"Gill Bunting, BirdLife International",2009/10/09,,,-1,IBA Directory Process,Recieved from Partner via Regional Office,Refined polygon,,1.77990386384,0.07964116510,-0.56418915502,-78.06827264380,982065021.509766,197633.918875658
5175,6349,14598,South America,Ecuador,ECU,Lago de Colta,Lago de Colta,EC059,-1.73333333333,-78.75000000000,100,Little/none,0,confirmed,,,,"Gill Bunting, BirdLife International",2009/10/09,,,-1,IBA Directory Process,Recieved from Partner via Regional Office,Refined polygon,,0.04443118807,0.00009542939,-1.73674128518,-78.75767792530,1174992.17431641,4920.36337711257
5176,6350,14599,South America,Ecuador,ECU,Tonchige-Mompiche,Tonchige-Mompiche,EC007,0.66666666667,-80.01666666670,45000,Unknown,3,confirmed,,,,"Gill Bunting, BirdLife International",2009/10/09,,,-1,IBA Directory Process,Recieved from Partner via Regional Office,Refined polygon,,1.01162236346,0.03749082774,0.70032312784,-79.99356660110,461217647.90918,112102.282869289
5177,6351,14600,South America,Ecuador,ECU,Bosque Protector Colambo-Yacuri,Bosque Protector Colambo-Yacuri,EC086,-4.65000000000,-79.37000000000,73300,Unknown,3,confirmed,,,,"Gill Bunting, BirdLife International",2009/10/09,,,-1,IBA Directory Process,Recieved from Partner via Regional Office,Refined polygon,,4.23188512125,0.05182845449,-4.55587878160,-79.30928396830,636041803.178223,468802.276344034
5178,6352,14601,South America,Ecuador,ECU,Acanam-Guashapamba-Aguirre,Acanam-Guashapamba-Aguirre,EC068,-3.60000000000,-79.25000000000,1900,Unknown,3,confirmed,,,,"Gill Bunting, BirdLife International",2009/10/09,,,-1,IBA Directory Process,Recieved from Partner via Regional Office,Refined polygon,,0.21663514987,0.00159746740,-3.59224092916,-79.25387491530,19628316.4047852,24011.6069755892
5179,6353,14602,South America,Ecuador,ECU,Cordillera del Cndor,Cordillera del Cndor,EC083,-3.87000000000,-78.52000000000,97000,Little/none,4,confirmed,,,,"Gill Bunting, BirdLife International",2009/10/09,,,-1,IBA Directory Process,Recieved from Partner via Regional Office,Refined polygon,,6.48726865819,0.20570996833,-3.54686051852,-78.39586249690,2530572367.78809,719161.334072857
5180,6354,14603,South America,Ecuador,ECU,Yanuncay-Yanasacha,Yanuncay-Yanasacha,EC064,-2.94000000000,-79.09000000000,38100,Unknown,2,confirmed,,,,"Gill Bunting, BirdLife International",2009/10/09,,,-1,IBA Directory Process,Recieved from Partner via Regional Office,Refined polygon,,1.11381115636,0.03153510914,-3.00293464994,-79.22508487890,387712909.550293,123535.808770182
5181,6355,14604,South America,Ecuador,ECU,Refugio de Vida Silvestre Pasochoa,Refugio de Vida Silvestre Pasochoa,EC053,-0.43333333333,-78.50000000000,3900,Some,1,confirmed,,,,"Gill Bunting, BirdLife International",2009/10/09,,,-1,IBA Directory Process,Recieved from Partner via Regional Office,Refined polygon,,0.13472592074,0.00053810267,-0.43741058506,-78.49199258760,6630840.93310547,14946.0692137036
5182,6356,14605,South America,Ecuador,ECU,Daucay,Daucay,EC070,-3.41000000000,-79.79000000000,1300,Little/none,0,confirmed,,,,"Gill Bunting, BirdLife International",2009/10/09,,,-1,IBA Directory Process,Recieved from Partner via Regional Office,Refined polygon,,0.12910939380,0.00107523428,-3.41396354151,-79.78845439350,13207622.1845703,14316.133280411
5183,6357,14607,South America,Ecuador,ECU,Humedales de Pacoa,Humedales de Pacoa,EC019,-2.08333333333,-80.73333333330,800,Little/none,0,confirmed,,,,"Gill Bunting, BirdLife International",2009/10/09,,,0,IBA Directory Process,Recieved from Partner via Regional Office,Refined polygon,Y,0.12215637347,0.00067120257,-2.08276299450,-80.72826260740,8250152.46191406,13543.3618929801
5184,6358,14608,South America,Ecuador,ECU,Parque Nacional Sumaco-Napo Galeras,Parque Nacional Sumaco-Napo Galeras,EC050,-0.39000000000,-77.55000000000,215249,Whole,3,confirmed,,,,"Gill Bunting, BirdLife International",2009/10/09,,,-1,IBA Directory Process,Recieved from Partner via Regional Office,Refined polygon,,2.82390967753,0.16893538048,-0.42202786135,-77.55098697320,2085317899.49121,313751.206859545
5185,6359,14609,South America,Ecuador,ECU,Manglares del golfo de Guayaquil,Manglares del golfo de Guayaquil,EC030,-2.72000000000,-80.00000000000,200000,Unknown,1,confirmed,,,,"Gill Bunting, BirdLife International",2009/10/09,,,-1,IBA Directory Process,Recieved from Partner via Regional Office,Refined polygon,,2.15085552776,0.17538833748,-2.65596086716,-80.02827890500,2155504415.36816,238201.920535411
5186,6360,14610,South America,Ecuador,ECU,Reserva Ecolgica Cayambe-Coca,Reserva Ecolgica Cayambe-Coca,EC049,-0.02000000000,-77.83000000000,403103,Whole,1,confirmed,,,,"Gill Bunting, BirdLife International",2009/10/09,,,-1,IBA Directory Process,Recieved from Partner via Regional Office,Refined polygon,,3.04913286242,0.30099301556,-0.02857959884,-77.83687177860,3713388581.95166,338846.676136468
5187,6361,14611,South America,Ecuador,ECU,Reserva Natural Tumbesia-La Ceiba-Zapotillo,Reserva Natural Tumbesia-La Ceiba-Zapotillo,EC081,-4.26666666667,-80.33333333330,17350,Unknown,1,confirmed,,,,"Gill Bunting, BirdLife International",2009/10/09,,,-1,IBA Directory Process,Recieved from Partner via Regional Office,Refined polygon,,0.59098092450,0.01565755271,-4.28431964118,-80.32559625090,192078788.442383,65456.4683759492
5189,6363,14614,South America,Ecuador,ECU,Verde-nzole-Cayapas-Canand,Verde-nzole-Cayapas-Canand,EC005,0.71000000000,-79.04000000000,205567,Unknown,2,confirmed,,,,"Gill Bunting, BirdLife International",2009/10/09,,,-1,IBA Directory Process,Recieved from Partner via Regional Office,Refined polygon,,2.42954427766,0.16776316199,0.69664050622,-79.17922761290,2065313372.15771,269572.591688188
5190,6364,14615,South America,Ecuador,ECU,Cayapas-Santiago-Wimb,Cayapas-Santiago-Wimb,EC004,0.86666666667,-78.73333333330,60000,Little/none,0,confirmed,,,,"Gill Bunting, BirdLife International",2009/10/09,,,-1,IBA Directory Process,Recieved from Partner via Regional Office,Refined polygon,,1.59347777267,0.04992716538,0.86859958919,-78.81397854080,614896881.586426,176874.650143319
5191,6365,14616,South America,Ecuador,ECU,Mataje-Cayapas-Santiago,Mataje-Cayapas-Santiago,EC001,1.30000000000,-78.90000000000,70000,Unknown,3,confirmed,,,,"Gill Bunting, BirdLife International",2009/10/09,,,-1,IBA Directory Process,Recieved from Partner via Regional Office,Refined polygon,,1.39799566915,0.05803770957,1.24595957598,-78.89616460470,714623511.113281,155059.37002703
5192,6366,14617,South America,Ecuador,ECU,Isla Santa Clara,Isla Santa Clara,EC031,-3.16666666667,-80.43333333330,46,Whole,2,confirmed,,,,"Gill Bunting, BirdLife International",2009/10/09,,,0,IBA Directory Process,Recieved from Partner via Regional Office,Refined polygon,Y,0.07197260682,0.00027253084,-3.17365173452,-80.43413082710,3347242.81738281,7970.43702540898
5193,6367,14620,South America,Ecuador,ECU,Reserva Ecolgica Cotacachi-Cayapas,Reserva Ecolgica Cotacachi-Cayapas,EC037,0.57000000000,-78.67000000000,345275,Unknown,2,confirmed,,,,"Gill Bunting, BirdLife International",2009/10/09,,,-1,IBA Directory Process,Recieved from Partner via Regional Office,Refined polygon,,5.04023590693,0.27989645746,0.57974203143,-78.68187419460,3448050117.74658,559443.862377428
5194,6368,14624,South America,Ecuador,ECU,Archipilago de Jambel,Archipilago de Jambel,EC034,-3.37000000000,-80.14000000000,30000,Little/none,0,confirmed,,,,"Gill Bunting, BirdLife International",2009/10/09,,,-1,IBA Directory Process,Recieved from Partner via Regional Office,Refined polygon,,0.88437592426,0.02445494158,-3.35054759181,-80.14269105090,300344315.724609,98038.6551396045
5195,6369,14625,South America,Ecuador,ECU,Bosque Protector Chongn-Colonche,Bosque Protector Chongn-Colonche,EC025,-2.11666666667,-80.30000000000,44000,Whole,1,confirmed,,,,"Gill Bunting, BirdLife International",2009/10/09,,,-1,IBA Directory Process,Recieved from Partner via Regional Office,Refined polygon,,2.31680706869,0.02416264347,-2.10991106405,-80.29066585500,297031760.680176,257022.340950336
5196,6370,14626,South America,Ecuador,ECU,Catacocha,Catacocha,EC072,-4.05000000000,-79.66666666670,3500,Little/none,0,confirmed,,,,"Gill Bunting, BirdLife International",2009/10/09,,,-1,IBA Directory Process,Recieved from Partner via Regional Office,Refined polygon,,0.25988369522,0.00301092203,-4.04665042978,-79.63612932550,36963131.0195312,28816.9063960954
5197,6371,14627,South America,Ecuador,ECU,Alamor-Celica,Alamor-Celica,EC075,-4.00000000000,-79.96666666670,6500,Little/none,0,confirmed,,,,"Gill Bunting, BirdLife International",2009/10/09,,,-1,IBA Directory Process,Recieved from Partner via Regional Office,Refined polygon,,0.42071312325,0.00525675845,-4.00000417485,-79.97242266970,64521580.9575195,46626.7453133762
5198,6372,14629,South America,Ecuador,ECU,Cinagas de Guayaquil,Cinagas de Guayaquil,EC028,-2.26666666667,-79.75000000000,30000,Little/none,0,confirmed,,,,"Gill Bunting, BirdLife International",2009/10/09,,,-1,IBA Directory Process,Recieved from Partner via Regional Office,Refined polygon,,0.81106712888,0.02717366969,-2.28399185097,-79.75656472730,334114772.437012,89906.3023885287
5199,6373,14631,South America,Ecuador,ECU,Isla Santay,Isla Santay,EC027,-2.21666666667,-79.85000000000,4705,Whole,1,confirmed,,,,"Gill Bunting, BirdLife International",2009/10/09,,,-1,IBA Directory Process,Recieved from Partner via Regional Office,Refined polygon,,0.17178704746,0.00161292111,-2.21814117477,-79.85234370590,19831212.3886719,19038.5959134069
5200,6374,14632,South America,Ecuador,ECU,Cordillera de Huacamayos-San Isidro-Sierra Azul,Cordillera de Huacamayos-San Isidro-Sierra Azul,EC051,-0.80000000000,-77.95000000000,65000,Unknown,4,confirmed,,,,"Gill Bunting, BirdLife International",2009/10/09,,,-1,IBA Directory Process,Recieved from Partner via Regional Office,Refined polygon,,1.85124100737,0.05300613704,-0.79897141011,-77.93798924660,653750119.611328,205581.502702155
5201,6375,14633,South America,Ecuador,ECU,Refugio de Vida Silvestre Isla Corazn e Isla Fragata,Refugio de Vida Silvestre Isla Corazn e Isla Fragata,EC014,-0.63333333333,-80.34000000000,700,Whole,1,confirmed,,,,"Gill Bunting, BirdLife International",2009/10/09,,,0,IBA Directory Process,Recieved from Partner via Regional Office,Refined polygon,Y,0.15131798201,0.00061898538,-0.64792735917,-80.31769684660,7613655.14599609,16809.8420762209
5202,6376,14634,South America,Ecuador,ECU,Bosque Protector Alto Nangaritza,Bosque Protector Alto Nangaritza,EC084,-4.36666666667,-78.73333333330,130420,Whole,4,confirmed,,,,"Gill Bunting, BirdLife International",2009/10/09,,,-1,IBA Directory Process,Recieved from Partner via Regional Office,Refined polygon,,2.56679775232,0.09114532101,-4.35710213301,-78.74579436960,1119594296.67822,284408.149364643
5203,6377,14636,South America,Ecuador,ECU,Montaas de Zapote-Najda,Montaas de Zapote-Najda,EC065,-2.91666666667,-78.63333333330,27100,Little/none,0,confirmed,,,,"Gill Bunting, BirdLife International",2009/10/09,,,-1,IBA Directory Process,Recieved from Partner via Regional Office,Refined polygon,,0.57294500107,0.00769805101,-2.90090717213,-78.63190298630,94724364.9936523,63510.7334114033
5204,6378,14637,South America,Ecuador,ECU,Abras de Mantequilla,Abras de Mantequilla,EC024,-1.46666666667,-79.58333333330,22500,Whole,1,confirmed,,,,"Gill Bunting, BirdLife International",2009/10/09,,,-1,IBA Directory Process,Recieved from Partner via Regional Office,Refined polygon,,1.15975175462,0.04428744498,-1.47213876328,-79.57775615690,544864072.729004,128572.865981501
5206,6380,14641,South America,Ecuador,ECU,Gran Yasun,Gran Yasun,EC093,-1.11000000000,-76.05000000000,1600000,Whole,3,confirmed,,,,"Gill Bunting, BirdLife International",2009/10/09,,,-1,IBA Directory Process,Recieved from Partner via Regional Office,Refined polygon,,8.57989430228,1.32629899697,-1.10484214913,-76.22628497360,16424643830.3008,954456.533395441
5207,6381,14643,South America,Ecuador,ECU,Valle de Guayllabamba,Valle de Guayllabamba,EC107,0.02000000000,-78.41000000000,23000,Unknown,1,confirmed,,,,"Gill Bunting, BirdLife International",2009/10/09,,,-1,IBA Directory Process,Recieved from Partner via Regional Office,Refined polygon,,0.94716422821,0.01857989818,0.02236388425,-78.38754418500,228997263.408203,105096.003413225
5208,6382,14644,South America,Ecuador,ECU,La Tagua,La Tagua,EC074,-3.96000000000,-80.16000000000,4000,Little/none,0,confirmed,,,,"Gill Bunting, BirdLife International",2009/10/09,,,-1,IBA Directory Process,Recieved from Partner via Regional Office,Refined polygon,,0.28543815057,0.00533010460,-3.95511573668,-80.16073002350,65418291.3789062,31635.5946351615
5209,6383,14645,South America,Ecuador,ECU,Bosque Protector Cerro Pata de Pjaro,Bosque Protector Cerro Pata de Pjaro,EC009,0.03333333333,-79.98333333330,4333,Whole,1,confirmed,,,,"Gill Bunting, BirdLife International",2009/10/09,,,-1,IBA Directory Process,Recieved from Partner via Regional Office,Refined polygon,,1.02841253140,0.00353228535,0.01868844842,-79.98333110030,43458165.8764648,114089.66203622
5210,6384,14647,South America,Ecuador,ECU,Utuana-Bosque de Hanne,Utuana-Bosque de Hanne,EC079,-4.36666666667,-79.75000000000,281,Unknown,1,confirmed,,,,"Gill Bunting, BirdLife International",2009/10/09,,,-1,IBA Directory Process,Recieved from Partner via Regional Office,Refined polygon,,0.06690542594,0.00027354582,-4.37268477890,-79.74520659840,3356471.55908203,7407.38183092073
5211,6385,14648,South America,Ecuador,ECU,Tambo Negro,Tambo Negro,EC078,-4.40000000000,-79.85000000000,4091,Little/none,0,confirmed,,,,"Gill Bunting, BirdLife International",2009/10/09,,,-1,IBA Directory Process,Recieved from Partner via Regional Office,Refined polygon,,0.17727163391,0.00157430187,-4.38978249040,-79.85108531670,19315174.3867188,19638.0663651373
5212,6386,14649,South America,Ecuador,ECU,Bosque Protector Jatumpamba-Jorupe,Bosque Protector Jatumpamba-Jorupe,EC077,-4.30000000000,-79.85000000000,8000,Whole,2,confirmed,,,,"Gill Bunting, BirdLife International",2009/10/09,,,-1,IBA Directory Process,Recieved from Partner via Regional Office,Refined polygon,,0.59135189572,0.00655604350,-4.30278673793,-79.85103620300,80445447.5327148,65499.5911266715
5213,6387,14650,South America,Ecuador,ECU,Can del ro Catamayo,Can del ro Catamayo,EC076,-4.21666666667,-79.91666666670,28000,Unknown,1,confirmed,,,,"Gill Bunting, BirdLife International",2009/10/09,,,-1,IBA Directory Process,Recieved from Partner via Regional Office,Refined polygon,,0.82124443359,0.02231680880,-4.23706212248,-80.00550702460,273832279.787109,91039.9199804005
5215,6389,14653,South America,Ecuador,ECU,Represa Velasco Ibarra,Represa Velasco Ibarra,EC021,-2.26666666667,-80.88333333330,424,Little/none,0,confirmed,,,,"Gill Bunting, BirdLife International",2009/10/09,,,-1,IBA Directory Process,Recieved from Partner via Regional Office,Refined polygon,,0.09335406379,0.00031656853,-2.26208795995,-80.88156211970,3890612.33447266,10351.5255465954
5216,6390,14654,South America,Ecuador,ECU,Cordillera El Blsamo,Cordillera El Blsamo,EC015,-0.68000000000,-80.46000000000,50,Unknown,1,confirmed,,,,"Gill Bunting, BirdLife International",2009/10/09,,,-1,IBA Directory Process,Recieved from Partner via Regional Office,Refined polygon,,0.50757303848,0.00953181894,-0.69702828177,-80.45238794540,117236320.606934,56227.270066979
5217,6391,14655,South America,Ecuador,ECU,Cerro de Hayas-Naranjal,Cerro de Hayas-Naranjal,EC033,-2.80000000000,-79.57000000000,2500,Most,1,confirmed,,,,"Gill Bunting, BirdLife International",2009/10/09,,,-1,IBA Directory Process,Recieved from Partner via Regional Office,Refined polygon,,0.36567034806,0.00210450220,-2.78831333980,-79.60297234320,25869369.5214844,40551.3174447339
5218,6392,14656,South America,Ecuador,ECU,Hacienda Camarones,Hacienda Camarones,EC010,-0.10000000000,-80.16666666670,4000,Unknown,1,confirmed,,,,"Gill Bunting, BirdLife International",2009/10/09,,,-1,IBA Directory Process,Recieved from Partner via Regional Office,Refined polygon,,0.18324807650,0.00208194678,-0.10091406438,-80.15801876600,25611866.6762695,20324.9203514057
5219,6393,14659,South America,Ecuador,ECU,Tierras altas de Isabela,Tierras altas de Isabela,EC104,-0.41000000000,-91.12000000000,120000,Whole,4,confirmed,,,,"Gill Bunting, BirdLife International",2009/10/09,,,0,IBA Directory Process,Recieved from Partner via Regional Office,Refined polygon,Y,3.43193912411,0.17548486647,-0.58406193235,-91.18908973050,2228394345.68896,386617.540629935
5220,6394,14660,South America,Ecuador,ECU,Tierras altas de Santiago,Tierras altas de Santiago,EC106,-0.22000000000,-90.77000000000,10500,Whole,4,confirmed,,,,"Gill Bunting, BirdLife International",2009/10/09,,,0,IBA Directory Process,Recieved from Partner via Regional Office,Refined polygon,Y,0.42822137161,0.01001345721,-0.22613236120,-90.76576342290,126830444.790527,48210.6473981793
5221,6395,14661,South America,Ecuador,ECU,Tierras altas de Santa Cruz,Tierras altas de Santa Cruz,EC101,-0.64000000000,-90.38000000000,27800,Whole,4,confirmed,,,,"Gill Bunting, BirdLife International",2009/10/09,,,0,IBA Directory Process,Recieved from Partner via Regional Office,Refined polygon,Y,0.72771222030,0.03667480457,-0.63637360684,-90.36721943250,463402581.533203,81878.2652522142
5222,6396,14662,South America,Ecuador,ECU,Puerto Ayora,Puerto Ayora,EC102,-0.73333333333,-90.30000000000,160,Whole,4,confirmed,,,,"Gill Bunting, BirdLife International",2009/10/09,,,0,IBA Directory Process,Recieved from Partner via Regional Office,Refined polygon,Y,0.17067643587,0.00115357638,-0.73690176139,-90.30413819100,14570302.9765625,19184.892859242
5223,6397,14663,South America,Ecuador,ECU,Isla Floreana,Isla Floreana,EC100,-1.30000000000,-90.43333333330,17253,Whole,4,confirmed,confirmed,confirmed,,"Gill Bunting, BirdLife International",2009/10/09,,,0,IBA Directory Process,Recieved from Partner via Regional Office,Refined polygon,Y,0.49947176243,0.01400155050,-1.29084398144,-90.43440974370,176949871.048828,56166.2031342719
5224,6398,14664,South America,Ecuador,ECU,Champion y Gardner de Floreana,Champion y Gardner de Floreana,EC099,-1.28000000000,-90.35000000000,76,Whole,4,confirmed,confirmed,confirmed,,"Gill Bunting, BirdLife International",2009/10/09,,,-1,IBA Directory Process,Recieved from Partner via Regional Office,Refined polygon,,0.04734260285,0.00008507353,-1.31732313308,-90.30364208550,1074322.3046875,5320.65093394276
5225,6399,14665,South America,Ecuador,ECU,Isla Espaola,Isla Espaola,EC098,-1.38000000000,-89.66000000000,6048,Whole,4,confirmed,confirmed,confirmed,,"Gill Bunting, BirdLife International",2009/10/09,,,0,IBA Directory Process,Recieved from Partner via Regional Office,Refined polygon,Y,0.33918412166,0.00534602512,-1.37578132524,-89.67430176270,67273139.7841797,38089.9385681478
5226,6400,14666,South America,Ecuador,ECU,Isla San Cristbal,Isla San Cristbal,EC097,-0.83000000000,-89.44000000000,55808,Whole,4,confirmed,confirmed,confirmed,,"Gill Bunting, BirdLife International",2009/10/09,,,0,IBA Directory Process,Recieved from Partner via Regional Office,Refined polygon,Y,1.16447405905,0.04469872006,-0.82569911653,-89.42839703980,561854643.288818,130627.842873306
6918,8675,19127,South America,Ecuador,ECU,Humedales del Sur de Isabela,Humedales del Sur de Isabela,EC103,-0.95000000000,-91.01666666670,872,Whole,4,confirmed,,,,"Gill Bunting, BirdLife International",2009/10/09,,,0,IBA Directory Process,Recieved from Partner via Regional Office,Refined polygon,Y,0.77656330189,0.02053715330,-0.97705769106,-91.01858962330,260490190.556152,87563.8414622165
6919,8676,19128,South America,Ecuador,ECU,reas costeras de Fernandina y del occidente de Isabela,reas costeras de Fernandina y del occidente de Isabela,EC105,-0.31666666667,-91.36666666670,140000,Whole,4,confirmed,confirmed,confirmed,,"Gill Bunting, BirdLife International",2009/10/09,,,0,IBA Directory Process,Recieved from Partner via Regional Office,Refined polygon,Y,4.00912046501,0.50041525681,-0.40610779440,-91.54414498970,6369116066.79248,451965.727054993
14744,0,14639,South America,Ecuador,ECU,Mindo y Estribaciones Occidentales del volcn Pichincha,Mindo and western foothills of Volcan Pichincha (Mindo y Estribaciones Occidentales del volcn Pichincha IBA),EC043,-0.08333333333,-78.76666666670,0,Some,11,confirmed,confirmed,confirmed,Partner,"Gill Bunting, BirdLife International",2009/10/09,"Gill Bunting, BirdLife International",2014/04/29,0,Original version provided for IBA Directory replaced in 2014,Similar to original boundary,Refined polygon,,1.83152190743,0.06780377638,0.00000000000,0.00000000000,835294997.665527,203279.564406513
14747,0,31588,South America,Ecuador,ECU,Mashpi-Pachijal,Mashpi-Pachijal,EC108,0.13333333333,-78.91666666670,0,Little/none,2,confirmed,,,Partner,"Gill Bunting, BirdLife International",2014/04/29,,,0,Provided by Partner in 2014,,Refined polygon,,1.30170520488,0.03009741820,0.00000000000,0.00000000000,370707926.918945,144501.29200643
14748,0,14613,South America,Ecuador,ECU,Ro Caon,Ro Caon,EC040,0.08333333333,-79.08333333330,0,Little/none,0,confirmed,,,Partner,"Gill Bunting, BirdLife International",2009/10/09,"Gill Bunting, BirdLife International",2014/04/29,0,Original version provided for IBA Directory replaced in 2014,New version has much larger area than original,Refined polygon,,1.18554353403,0.03264897526,0.00000000000,0.00000000000,402009084.762207,131549.747202488
14750,0,14652,South America,Ecuador,ECU,Los Bancos-Milpe,Los Bancos-Milpe,EC041,0.03333333333,-78.90000000000,0,Unknown,1,confirmed,,,Partner,"Gill Bunting, BirdLife International",2009/10/09,"Gill Bunting, BirdLife International",2014/04/29,0,29/04/2014,New version has much larger area than original,Refined polygon,,0.92354379065,0.02087832186,0.00000000000,0.00000000000,257139146.10791,102490.740865792
